marduk_feol,5b8a5248-f973-3f73-818d-28c006677423
daniel_ford,6658bec0-a961-3949-98e7-751f83ab5577
wndash,c318ce0b-5a3c-331b-8990-3f19c48ee3c8
ivan_stark,2c91caef-e4e0-35e1-a60e-775d066b288a
oleg_valeev,107b34fc-3fed-3d32-ae5a-52f834ab1e9a
neo_antimar,e991267e-0a2c-3a08-9a67-912a09966b49
sir_klenoviy,c811e528-cdcb-3cf7-ade1-bfd854fb2ba5
mixail_stark,cd035260-abd8-3984-bb64-61289884400b
s_h_e_r_l_o_c_k,a9dcc60d-d060-3efd-b8b7-0f3ff9a5242c
tronixe,7bf5be00-d2c7-3376-9559-619283a116be
mark_terry,cd160968-5b2b-3c3a-82d0-dc44d886e7f5
global_bank,26647fdc-8395-336a-a380-32bec6c55c3a
zen_krusto,8d096b9e-6133-3062-8974-d2e36096e8b7
dreyzes,2a9935ac-ae60-3397-a04f-a267bed13768
august_bernett,8e0eefec-1ce7-3780-b430-62ab9da7c717
john_barateon,97061b39-5679-32ce-8e80-32055d4b80f3
b1cycle,450c74da-3251-3226-8c7e-5e4761b6c3aa
richard_hopkins,8b76780d-db45-3532-9b32-d4213ef205d8
